<?xml version="1.0" encoding="UTF-8"?>
<GenRun Id="impl_1" LaunchPart="xc7a100tcsg324-1" LaunchTime="1684909081">
  <File Type="ROUTE-PWR" Name="Tetris_top_power_routed.rpt"/>
  <File Type="PA-TCL" Name="Tetris_top.tcl"/>
  <File Type="ROUTE-PWR-SUM" Name="Tetris_top_power_summary_routed.pb"/>
  <File Type="REPORTS-TCL" Name="Tetris_top_reports.tcl"/>
  <File Type="BITSTR-MSK" Name="Tetris_top.msk"/>
  <File Type="ROUTE-CLK" Name="Tetris_top_clock_utilization_routed.rpt"/>
  <File Type="RDI-RDI" Name="Tetris_top.vdi"/>
  <File Type="BG-BIT" Name="Tetris_top.bit"/>
  <File Type="BG-DRC" Name="Tetris_top.drc"/>
  <File Type="BG-BGN" Name="Tetris_top.bgn"/>
  <File Type="BG-BIN" Name="Tetris_top.bin"/>
  <File Type="BITSTR-RBT" Name="Tetris_top.rbt"/>
  <File Type="BITSTR-NKY" Name="Tetris_top.nky"/>
  <File Type="BITSTR-BMM" Name="Tetris_top_bd.bmm"/>
  <File Type="BITSTR-MMI" Name="Tetris_top.mmi"/>
  <File Type="ROUTE-METHODOLOGY-DRC" Name="Tetris_top_methodology_drc_routed.rpt"/>
  <File Type="BITSTR-SYSDEF" Name="Tetris_top.sysdef"/>
  <File Type="BITSTR-LTX" Name="debug_nets.ltx"/>
  <File Type="BITSTR-LTX" Name="Tetris_top.ltx"/>
  <File Type="WBT-USG" Name="usage_statistics_webtalk.html"/>
  <File Type="OPT-DRC" Name="Tetris_top_drc_opted.rpt"/>
  <File Type="OPT-HWDEF" Name="Tetris_top.hwdef"/>
  <File Type="PLACE-IO" Name="Tetris_top_io_placed.rpt"/>
  <File Type="PLACE-UTIL" Name="Tetris_top_utilization_placed.rpt"/>
  <File Type="PLACE-UTIL-PB" Name="Tetris_top_utilization_placed.pb"/>
  <File Type="PLACE-CTRL" Name="Tetris_top_control_sets_placed.rpt"/>
  <File Type="PLACE-PRE-SIMILARITY" Name="Tetris_top_incremental_reuse_pre_placed.rpt"/>
  <File Type="ROUTE-DRC" Name="Tetris_top_drc_routed.rpt"/>
  <File Type="ROUTE-DRC-PB" Name="Tetris_top_drc_routed.pb"/>
  <File Type="ROUTE-PWR-RPX" Name="Tetris_top_power_routed.rpx"/>
  <File Type="ROUTE-STATUS" Name="Tetris_top_route_status.rpt"/>
  <File Type="ROUTE-STATUS-PB" Name="Tetris_top_route_status.pb"/>
  <File Type="ROUTE-DCP" Name="Tetris_top_routed.dcp"/>
  <File Type="ROUTE-ERROR-DCP" Name="Tetris_top_routed_error.dcp"/>
  <File Type="ROUTE-BLACKBOX-DCP" Name="Tetris_top_routed_bb.dcp"/>
  <File Type="ROUTE-TIMINGSUMMARY" Name="Tetris_top_timing_summary_routed.rpt"/>
  <File Type="ROUTE-TIMING-PB" Name="Tetris_top_timing_summary_routed.pb"/>
  <File Type="ROUTE-TIMING-RPX" Name="Tetris_top_timing_summary_routed.rpx"/>
  <File Type="ROUTE-BUS-SKEW" Name="Tetris_top_bus_skew_routed.rpt"/>
  <File Type="ROUTE-BUS-SKEW-PB" Name="Tetris_top_bus_skew_routed.pb"/>
  <File Type="ROUTE-BUS-SKEW-RPX" Name="Tetris_top_bus_skew_routed.rpx"/>
  <File Type="OPT-DCP" Name="Tetris_top_opt.dcp"/>
  <File Type="PLACE-DCP" Name="Tetris_top_placed.dcp"/>
  <File Type="PWROPT-DCP" Name="Tetris_top_pwropt.dcp"/>
  <File Type="POSTPLACE-PWROPT-DCP" Name="Tetris_top_postplace_pwropt.dcp"/>
  <File Type="PHYSOPT-DCP" Name="Tetris_top_physopt.dcp"/>
  <File Type="POSTROUTE-PHYSOPT-DCP" Name="Tetris_top_postroute_physopt.dcp"/>
  <File Type="POSTROUTE-PHYSOPT-BLACKBOX-DCP" Name="Tetris_top_postroute_physopt_bb.dcp"/>
  <File Type="ROUTE-METHODOLOGY-DRC-PB" Name="Tetris_top_methodology_drc_routed.pb"/>
  <File Type="ROUTE-DRC-RPX" Name="Tetris_top_drc_routed.rpx"/>
  <File Type="ROUTE-METHODOLOGY-DRC-RPX" Name="Tetris_top_methodology_drc_routed.rpx"/>
  <File Type="PDI-FILE" Name="Tetris_top.pdi"/>
  <File Type="RCFI_FILE" Name="Tetris_top.rcfi"/>
  <File Type="CFI_FILE" Name="Tetris_top.cfi"/>
  <File Type="RNPI_FILE" Name="Tetris_top.rnpi"/>
  <File Type="NPI_FILE" Name="Tetris_top.npi"/>
  <File Type="RBD_FILE" Name="Tetris_top.rbd"/>
  <File Type="ROUTE-RQS" Name="Tetris_top_routed.rqs"/>
  <File Type="POSTROUTE-PHYSOPT-RQS" Name="Tetris_top_postroute_physopted.rqs"/>
  <File Type="ROUTE-RQS-RPT" Name="route_report_qor_suggestions_0.rpt"/>
  <File Type="POSTROUTE-PHYSOPT-RQS-RPT" Name="postroute_physopt_report_qor_suggestions_0.rpt"/>
  <FileSet Name="sources" Type="DesignSrcs" RelSrcDir="$PSRCDIR/sources_1" RelGenDir="$PGENDIR/sources_1">
    <Filter Type="Srcs"/>
    <File Path="$PSRCDIR/sources_1/new/spi_master.v">
      <FileInfo>
        <Attr Name="UsedIn" Val="synthesis"/>
        <Attr Name="UsedIn" Val="implementation"/>
        <Attr Name="UsedIn" Val="simulation"/>
      </FileInfo>
    </File>
    <File Path="$PPRDIR/../Tetris_Basys3/Tetris_Basys3/source/tetris_main.v">
      <FileInfo>
        <Attr Name="UsedIn" Val="synthesis"/>
        <Attr Name="UsedIn" Val="implementation"/>
        <Attr Name="UsedIn" Val="simulation"/>
      </FileInfo>
    </File>
    <File Path="$PPRDIR/../Tetris_Basys3/Tetris_Basys3/source/tetris_seg.v">
      <FileInfo>
        <Attr Name="UsedIn" Val="synthesis"/>
        <Attr Name="UsedIn" Val="implementation"/>
        <Attr Name="UsedIn" Val="simulation"/>
      </FileInfo>
    </File>
    <File Path="$PPRDIR/../Tetris_Basys3/Tetris_Basys3/source/tetris_vga2.v">
      <FileInfo>
        <Attr Name="UsedIn" Val="synthesis"/>
        <Attr Name="UsedIn" Val="implementation"/>
        <Attr Name="UsedIn" Val="simulation"/>
      </FileInfo>
    </File>
    <File Path="$PPRDIR/../Tetris_Basys3/Tetris_Basys3/source/Tetris_top.v">
      <FileInfo>
        <Attr Name="UsedIn" Val="synthesis"/>
        <Attr Name="UsedIn" Val="implementation"/>
        <Attr Name="UsedIn" Val="simulation"/>
      </FileInfo>
    </File>
    <File Path="$PPRDIR/../Tetris_Basys3/Tetris_Basys3/source/debouncer.v">
      <FileInfo>
        <Attr Name="AutoDisabled" Val="1"/>
        <Attr Name="UsedIn" Val="synthesis"/>
        <Attr Name="UsedIn" Val="implementation"/>
        <Attr Name="UsedIn" Val="simulation"/>
      </FileInfo>
    </File>
    <File Path="$PPRDIR/../Tetris_Basys3/Tetris_Basys3/source/tetris_vga.v">
      <FileInfo>
        <Attr Name="AutoDisabled" Val="1"/>
        <Attr Name="UsedIn" Val="synthesis"/>
        <Attr Name="UsedIn" Val="implementation"/>
        <Attr Name="UsedIn" Val="simulation"/>
      </FileInfo>
    </File>
    <File Path="$PPRDIR/../project_1/project_1.srcs/sources_1/new/top.v">
      <FileInfo>
        <Attr Name="UserDisabled" Val="1"/>
        <Attr Name="UsedIn" Val="synthesis"/>
        <Attr Name="UsedIn" Val="implementation"/>
        <Attr Name="UsedIn" Val="simulation"/>
      </FileInfo>
    </File>
    <Config>
      <Option Name="DesignMode" Val="RTL"/>
      <Option Name="TopModule" Val="Tetris_top"/>
      <Option Name="TopAutoSet" Val="TRUE"/>
    </Config>
  </FileSet>
  <FileSet Name="constrs_in" Type="Constrs" RelSrcDir="$PSRCDIR/constrs_1">
    <Filter Type="Constrs"/>
    <File Path="$PSRCDIR/constrs_1/new/pins.xdc">
      <FileInfo>
        <Attr Name="UsedIn" Val="synthesis"/>
        <Attr Name="UsedIn" Val="implementation"/>
      </FileInfo>
    </File>
    <Config>
      <Option Name="TargetConstrsFile" Val="$PSRCDIR/constrs_1/new/pins.xdc"/>
      <Option Name="ConstrsType" Val="XDC"/>
    </Config>
  </FileSet>
  <FileSet Name="utils" Type="Utils" RelSrcDir="$PSRCDIR/utils_1">
    <Filter Type="Utils"/>
    <File Path="$PSRCDIR/utils_1/imports/synth_1/Tetris_top.dcp">
      <FileInfo>
        <Attr Name="UsedIn" Val="synthesis"/>
        <Attr Name="UsedIn" Val="implementation"/>
        <Attr Name="UsedInSteps" Val="synth_1"/>
        <Attr Name="AutoDcp" Val="1"/>
      </FileInfo>
    </File>
    <Config>
      <Option Name="TopAutoSet" Val="TRUE"/>
    </Config>
  </FileSet>
  <Strategy Version="1" Minor="2">
    <StratHandle Name="Vivado Implementation Defaults" Flow="Vivado Implementation 2022"/>
    <Step Id="init_design"/>
    <Step Id="opt_design"/>
    <Step Id="power_opt_design"/>
    <Step Id="place_design"/>
    <Step Id="post_place_power_opt_design"/>
    <Step Id="phys_opt_design"/>
    <Step Id="route_design"/>
    <Step Id="post_route_phys_opt_design"/>
    <Step Id="write_bitstream"/>
    <Step Id="write_device_image"/>
  </Strategy>
</GenRun>
